frame_id,character,source_bbox_xyxy,visible_pixel_bbox_xyxy,detected_row,horizontal_order,tentative_pose_label,tentative_sequence,confidence,notes,candidate_file,component_count,detached_component_count
L-R01-C01,loko,"[9, 11, 56, 61]","[11, 13, 54, 59]",1,1,idle/front and turn poses,idle_turn,high,Clean composite candidate; final animation ordering not yet assigned.,characters/loko/detection_candidates/L001_row01_slot01.png,1,0
L-R01-C02,loko,"[73, 11, 119, 61]","[75, 13, 117, 59]",1,2,idle/front and turn poses,idle_turn,high,Clean composite candidate; final animation ordering not yet assigned.,characters/loko/detection_candidates/L002_row01_slot02.png,1,0
L-R01-C03,loko,"[137, 10, 183, 61]","[139, 12, 181, 59]",1,3,idle/front and turn poses,idle_turn,high,Clean composite candidate; final animation ordering not yet assigned.,characters/loko/detection_candidates/L003_row01_slot03.png,1,0
L-R01-C04,loko,"[199, 10, 248, 61]","[201, 12, 246, 59]",1,4,idle/front and turn poses,idle_turn,high,Clean composite candidate; final animation ordering not yet assigned.,characters/loko/detection_candidates/L004_row01_slot04.png,1,0
L-R01-C05,loko,"[262, 10, 312, 61]","[264, 12, 310, 59]",1,5,idle/front and turn poses,idle_turn,high,Clean composite candidate; final animation ordering not yet assigned.,characters/loko/detection_candidates/L005_row01_slot05.png,1,0
L-R01-C06,loko,"[329, 10, 376, 61]","[331, 12, 374, 59]",1,6,idle/front and turn poses,idle_turn,high,Clean composite candidate; final animation ordering not yet assigned.,characters/loko/detection_candidates/L006_row01_slot06.png,1,0
L-R01-C07,loko,"[394, 10, 440, 61]","[396, 12, 438, 59]",1,7,idle/front and turn poses,idle_turn,high,Clean composite candidate; final animation ordering not yet assigned.,characters/loko/detection_candidates/L007_row01_slot07.png,1,0
L-R01-C08,loko,"[457, 11, 504, 61]","[459, 13, 502, 59]",1,8,idle/front and turn poses,idle_turn,high,Clean composite candidate; final animation ordering not yet assigned.,characters/loko/detection_candidates/L008_row01_slot08.png,1,0
L-R01-C09,loko,"[520, 11, 567, 61]","[522, 13, 565, 59]",1,9,idle/front and turn poses,idle_turn,high,Clean composite candidate; final animation ordering not yet assigned.,characters/loko/detection_candidates/L009_row01_slot09.png,1,0
L-R01-C10,loko,"[582, 10, 630, 61]","[584, 12, 628, 59]",1,10,idle/front and turn poses,idle_turn,high,Clean composite candidate; final animation ordering not yet assigned.,characters/loko/detection_candidates/L010_row01_slot10.png,1,0
L-R01-C11,loko,"[646, 10, 692, 61]","[648, 12, 690, 59]",1,11,idle/front and turn poses,idle_turn,high,Clean composite candidate; final animation ordering not yet assigned.,characters/loko/detection_candidates/L011_row01_slot11.png,1,0
L-R02-C01,loko,"[8, 75, 55, 125]","[10, 77, 53, 123]",2,1,side-facing movement poses,locomotion,high,Clean composite candidate; final animation ordering not yet assigned.,characters/loko/detection_candidates/L012_row02_slot01.png,1,0
L-R02-C02,loko,"[72, 75, 119, 126]","[74, 77, 117, 124]",2,2,side-facing movement poses,locomotion,high,Clean composite candidate; final animation ordering not yet assigned.,characters/loko/detection_candidates/L013_row02_slot02.png,1,0
L-R02-C03,loko,"[135, 74, 185, 124]","[137, 76, 183, 122]",2,3,side-facing movement poses,locomotion,high,Clean composite candidate; final animation ordering not yet assigned.,characters/loko/detection_candidates/L014_row02_slot03.png,1,0
L-R02-C04,loko,"[201, 74, 252, 124]","[203, 76, 250, 122]",2,4,side-facing movement poses,locomotion,high,Clean composite candidate; final animation ordering not yet assigned.,characters/loko/detection_candidates/L015_row02_slot04.png,1,0
L-R02-C05,loko,"[272, 74, 325, 124]","[274, 76, 323, 122]",2,5,side-facing movement poses,locomotion,high,Clean composite candidate; final animation ordering not yet assigned.,characters/loko/detection_candidates/L016_row02_slot05.png,1,0
L-R02-C06,loko,"[344, 74, 396, 124]","[346, 76, 394, 122]",2,6,side-facing movement poses,locomotion,high,Clean composite candidate; final animation ordering not yet assigned.,characters/loko/detection_candidates/L017_row02_slot06.png,1,0
L-R02-C07,loko,"[413, 74, 465, 124]","[415, 76, 463, 122]",2,7,side-facing movement poses,locomotion,high,Clean composite candidate; final animation ordering not yet assigned.,characters/loko/detection_candidates/L018_row02_slot07.png,1,0
L-R02-C08,loko,"[484, 74, 530, 124]","[486, 76, 528, 122]",2,8,side-facing movement poses,locomotion,high,Clean composite candidate; final animation ordering not yet assigned.,characters/loko/detection_candidates/L019_row02_slot08.png,1,0
L-R02-C09,loko,"[547, 74, 594, 124]","[549, 76, 592, 122]",2,9,side-facing movement poses,locomotion,high,Clean composite candidate; final animation ordering not yet assigned.,characters/loko/detection_candidates/L020_row02_slot09.png,1,0
L-R02-C10,loko,"[612, 74, 664, 123]","[614, 76, 662, 121]",2,10,side-facing movement poses,locomotion,high,Clean composite candidate; final animation ordering not yet assigned.,characters/loko/detection_candidates/L021_row02_slot10.png,1,0
L-R02-C11,loko,"[677, 75, 727, 123]","[679, 77, 725, 121]",2,11,side-facing movement poses,locomotion,high,Clean composite candidate; final animation ordering not yet assigned.,characters/loko/detection_candidates/L022_row02_slot11.png,1,0
L-R02-C12,loko,"[742, 76, 792, 123]","[744, 78, 790, 121]",2,12,side-facing movement poses,locomotion,high,Clean composite candidate; final animation ordering not yet assigned.,characters/loko/detection_candidates/L023_row02_slot12.png,1,0
L-R02-C13,loko,"[806, 75, 855, 125]","[808, 77, 853, 123]",2,13,side-facing movement poses,locomotion,high,Clean composite candidate; final animation ordering not yet assigned.,characters/loko/detection_candidates/L024_row02_slot13.png,1,0
L-R03-C01,loko,"[7, 137, 56, 185]","[9, 139, 54, 183]",3,1,sit/lie transition poses,sitting_sleeping_transition,high,Clean composite candidate; final animation ordering not yet assigned.,characters/loko/detection_candidates/L025_row03_slot01.png,1,0
L-R03-C02,loko,"[68, 135, 118, 186]","[70, 137, 116, 184]",3,2,sit/lie transition poses,sitting_sleeping_transition,high,Clean composite candidate; final animation ordering not yet assigned.,characters/loko/detection_candidates/L026_row03_slot02.png,1,0
L-R03-C03,loko,"[134, 136, 182, 186]","[136, 138, 180, 184]",3,3,sit/lie transition poses,sitting_sleeping_transition,high,Clean composite candidate; final animation ordering not yet assigned.,characters/loko/detection_candidates/L027_row03_slot03.png,1,0
L-R03-C04,loko,"[196, 135, 247, 186]","[198, 137, 245, 184]",3,4,sit/lie transition poses,sitting_sleeping_transition,high,Clean composite candidate; final animation ordering not yet assigned.,characters/loko/detection_candidates/L028_row03_slot04.png,1,0
L-R03-C05,loko,"[263, 135, 318, 186]","[265, 137, 316, 184]",3,5,sit/lie transition poses,sitting_sleeping_transition,high,Clean composite candidate; final animation ordering not yet assigned.,characters/loko/detection_candidates/L029_row03_slot05.png,1,0
L-R03-C06,loko,"[334, 135, 390, 184]","[336, 137, 388, 182]",3,6,sit/lie transition poses,sitting_sleeping_transition,high,Clean composite candidate; final animation ordering not yet assigned.,characters/loko/detection_candidates/L030_row03_slot06.png,1,0
L-R03-C07,loko,"[405, 136, 460, 184]","[407, 138, 458, 182]",3,7,sit/lie transition poses,sitting_sleeping_transition,high,Clean composite candidate; final animation ordering not yet assigned.,characters/loko/detection_candidates/L031_row03_slot07.png,1,0
L-R03-C08,loko,"[473, 136, 521, 186]","[475, 138, 519, 184]",3,8,sit/lie transition poses,sitting_sleeping_transition,high,Clean composite candidate; final animation ordering not yet assigned.,characters/loko/detection_candidates/L032_row03_slot08.png,1,0
L-R03-C09,loko,"[537, 136, 592, 183]","[539, 138, 590, 181]",3,9,sit/lie transition poses,sitting_sleeping_transition,high,Clean composite candidate; final animation ordering not yet assigned.,characters/loko/detection_candidates/L033_row03_slot09.png,1,0
L-R03-C10,loko,"[606, 142, 665, 185]","[608, 144, 663, 183]",3,10,sit/lie transition poses,sitting_sleeping_transition,high,Clean composite candidate; final animation ordering not yet assigned.,characters/loko/detection_candidates/L034_row03_slot10.png,1,0
L-R03-C11,loko,"[675, 145, 726, 185]","[677, 147, 724, 183]",3,11,sit/lie transition poses,sitting_sleeping_transition,high,Clean composite candidate; final animation ordering not yet assigned.,characters/loko/detection_candidates/L035_row03_slot11.png,1,0
L-R03-C12,loko,"[736, 145, 786, 185]","[738, 147, 784, 183]",3,12,sit/lie transition poses,sitting_sleeping_transition,high,Clean composite candidate; final animation ordering not yet assigned.,characters/loko/detection_candidates/L036_row03_slot12.png,1,0
L-R03-C13,loko,"[795, 142, 852, 184]","[797, 144, 850, 182]",3,13,sit/lie transition poses,sitting_sleeping_transition,high,Clean composite candidate; final animation ordering not yet assigned.,characters/loko/detection_candidates/L037_row03_slot13.png,1,0
L-R04-C01,loko,"[7, 202, 56, 252]","[9, 204, 54, 250]",4,1,sleep poses,sleeping,high,Clean composite candidate; final animation ordering not yet assigned.,characters/loko/detection_candidates/L038_row04_slot01.png,1,0
L-R04-C02,loko,"[73, 202, 123, 252]","[75, 204, 121, 250]",4,2,sleep poses,sleeping,high,Clean composite candidate; final animation ordering not yet assigned.,characters/loko/detection_candidates/L039_row04_slot02.png,1,0
L-R04-C03,loko,"[136, 203, 188, 252]","[138, 205, 186, 250]",4,3,sleep poses,sleeping,high,Clean composite candidate; final animation ordering not yet assigned.,characters/loko/detection_candidates/L040_row04_slot03.png,1,0
L-R04-C04,loko,"[203, 203, 252, 253]","[205, 205, 250, 251]",4,4,sleep poses,sleeping,high,Clean composite candidate; final animation ordering not yet assigned.,characters/loko/detection_candidates/L041_row04_slot04.png,1,0
L-R04-C05,loko,"[268, 202, 318, 252]","[270, 204, 316, 250]",4,5,sleep poses,sleeping,high,Clean composite candidate; final animation ordering not yet assigned.,characters/loko/detection_candidates/L042_row04_slot05.png,1,0
L-R04-C06,loko,"[335, 202, 386, 253]","[337, 204, 384, 251]",4,6,sleep poses,sleeping,high,Clean composite candidate; final animation ordering not yet assigned.,characters/loko/detection_candidates/L043_row04_slot06.png,1,0
L-R04-C07,loko,"[401, 202, 453, 253]","[403, 204, 451, 251]",4,7,sleep poses,sleeping,high,Clean composite candidate; final animation ordering not yet assigned.,characters/loko/detection_candidates/L044_row04_slot07.png,1,0
L-R04-C08,loko,"[463, 205, 512, 252]","[465, 207, 510, 250]",4,8,sleep poses,sleeping,high,Clean composite candidate; final animation ordering not yet assigned.,characters/loko/detection_candidates/L045_row04_slot08.png,1,0
L-R04-C09,loko,"[523, 214, 573, 253]","[525, 216, 571, 251]",4,9,sleep poses,sleeping,high,Clean composite candidate; final animation ordering not yet assigned.,characters/loko/detection_candidates/L046_row04_slot09.png,1,0
L-R04-C10,loko,"[583, 216, 633, 253]","[585, 218, 631, 251]",4,10,sleep poses,sleeping,high,Clean composite candidate; final animation ordering not yet assigned.,characters/loko/detection_candidates/L047_row04_slot10.png,1,0
L-R04-C11,loko,"[650, 200, 712, 253]","[652, 202, 710, 251]",4,11,sleep poses,sleeping,medium,Composite includes 1 detached component(s). Manual visual review recommended.,characters/loko/detection_candidates/L048_row04_slot11.png,2,1
L-R04-C12,loko,"[729, 196, 790, 253]","[731, 198, 788, 251]",4,12,sleep poses,sleeping,medium,Composite includes 2 detached component(s). Manual visual review recommended.,characters/loko/detection_candidates/L049_row04_slot12.png,3,2
L-R04-C13,loko,"[803, 196, 853, 253]","[805, 198, 851, 251]",4,13,sleep poses,sleeping,medium,Composite includes 2 detached component(s). Manual visual review recommended.,characters/loko/detection_candidates/L050_row04_slot13.png,3,2
L-R05-C01,loko,"[10, 266, 58, 323]","[12, 268, 56, 321]",5,1,front reaction poses,emotions,high,Clean composite candidate; final animation ordering not yet assigned.,characters/loko/detection_candidates/L051_row05_slot01.png,1,0
L-R05-C02,loko,"[82, 275, 137, 324]","[84, 277, 135, 322]",5,2,front reaction poses,emotions,high,Clean composite candidate; final animation ordering not yet assigned.,characters/loko/detection_candidates/L052_row05_slot02.png,1,0
L-R05-C03,loko,"[162, 277, 220, 325]","[164, 279, 218, 323]",5,3,front reaction poses,emotions,high,Clean composite candidate; final animation ordering not yet assigned.,characters/loko/detection_candidates/L053_row05_slot03.png,1,0
L-R05-C04,loko,"[234, 282, 292, 324]","[236, 284, 290, 322]",5,4,front reaction poses,emotions,high,Clean composite candidate; final animation ordering not yet assigned.,characters/loko/detection_candidates/L054_row05_slot04.png,1,0
L-R05-C05,loko,"[302, 284, 358, 325]","[304, 286, 356, 323]",5,5,front reaction poses,emotions,high,Clean composite candidate; final animation ordering not yet assigned.,characters/loko/detection_candidates/L055_row05_slot05.png,1,0
L-R05-C06,loko,"[375, 282, 428, 324]","[377, 284, 426, 322]",5,6,front reaction poses,emotions,high,Clean composite candidate; final animation ordering not yet assigned.,characters/loko/detection_candidates/L056_row05_slot06.png,1,0
L-R05-C07,loko,"[443, 280, 496, 324]","[445, 282, 494, 322]",5,7,front reaction poses,emotions,high,Clean composite candidate; final animation ordering not yet assigned.,characters/loko/detection_candidates/L057_row05_slot07.png,1,0
L-R05-C08,loko,"[512, 281, 559, 324]","[514, 283, 557, 322]",5,8,front reaction poses,emotions,high,Clean composite candidate; final animation ordering not yet assigned.,characters/loko/detection_candidates/L058_row05_slot08.png,1,0
L-R05-C09,loko,"[581, 284, 640, 323]","[583, 286, 638, 321]",5,9,front reaction poses,emotions,high,Clean composite candidate; final animation ordering not yet assigned.,characters/loko/detection_candidates/L059_row05_slot09.png,1,0
L-R05-C10,loko,"[655, 281, 706, 323]","[657, 283, 704, 321]",5,10,front reaction poses,emotions,high,Clean composite candidate; final animation ordering not yet assigned.,characters/loko/detection_candidates/L060_row05_slot10.png,1,0
L-R05-C11,loko,"[725, 281, 777, 322]","[727, 283, 775, 320]",5,11,front reaction poses,emotions,high,Clean composite candidate; final animation ordering not yet assigned.,characters/loko/detection_candidates/L061_row05_slot11.png,1,0
L-R05-C12,loko,"[797, 280, 848, 322]","[799, 282, 846, 320]",5,12,front reaction poses,emotions,high,Clean composite candidate; final animation ordering not yet assigned.,characters/loko/detection_candidates/L062_row05_slot12.png,1,0
L-R06-C01,loko,"[9, 338, 54, 390]","[11, 340, 52, 388]",6,1,love/happy poses,emotions,high,Clean composite candidate; final animation ordering not yet assigned.,characters/loko/detection_candidates/L063_row06_slot01.png,1,0
L-R06-C02,loko,"[78, 338, 124, 390]","[80, 340, 122, 388]",6,2,love/happy poses,emotions,high,Clean composite candidate; final animation ordering not yet assigned.,characters/loko/detection_candidates/L064_row06_slot02.png,1,0
L-R06-C03,loko,"[148, 338, 194, 390]","[150, 340, 192, 388]",6,3,love/happy poses,emotions,high,Clean composite candidate; final animation ordering not yet assigned.,characters/loko/detection_candidates/L065_row06_slot03.png,1,0
L-R06-C04,loko,"[214, 338, 265, 389]","[216, 340, 263, 387]",6,4,love/happy poses,emotions,medium,Composite includes 1 detached component(s). Manual visual review recommended.,characters/loko/detection_candidates/L066_row06_slot04.png,2,1
L-R06-C05,loko,"[277, 339, 338, 389]","[279, 341, 336, 387]",6,5,love/happy poses,emotions,medium,Composite includes 1 detached component(s). Manual visual review recommended.,characters/loko/detection_candidates/L067_row06_slot05.png,2,1
L-R06-C06,loko,"[342, 341, 405, 389]","[344, 343, 403, 387]",6,6,love/happy poses,emotions,medium,Composite includes 1 detached component(s). Manual visual review recommended.,characters/loko/detection_candidates/L068_row06_slot06.png,2,1
L-R06-C07,loko,"[419, 341, 479, 389]","[421, 343, 477, 387]",6,7,love/happy poses,emotions,medium,Composite includes 1 detached component(s). Manual visual review recommended.,characters/loko/detection_candidates/L069_row06_slot07.png,2,1
L-R06-C08,loko,"[491, 342, 555, 389]","[493, 344, 553, 387]",6,8,love/happy poses,emotions,medium,Composite includes 1 detached component(s). Manual visual review recommended.,characters/loko/detection_candidates/L070_row06_slot08.png,2,1
L-R06-C09,loko,"[557, 343, 604, 390]","[559, 345, 602, 388]",6,9,love/happy poses,emotions,high,Clean composite candidate; final animation ordering not yet assigned.,characters/loko/detection_candidates/L071_row06_slot09.png,1,0
L-R06-C10,loko,"[614, 342, 659, 389]","[616, 344, 657, 387]",6,10,love/happy poses,emotions,high,Clean composite candidate; final animation ordering not yet assigned.,characters/loko/detection_candidates/L072_row06_slot10.png,1,0
L-R06-C11,loko,"[673, 342, 719, 389]","[675, 344, 717, 387]",6,11,love/happy poses,emotions,high,Clean composite candidate; final animation ordering not yet assigned.,characters/loko/detection_candidates/L073_row06_slot11.png,1,0
L-R06-C12,loko,"[733, 342, 778, 390]","[735, 344, 776, 388]",6,12,love/happy poses,emotions,high,Clean composite candidate; final animation ordering not yet assigned.,characters/loko/detection_candidates/L074_row06_slot12.png,1,0
L-R06-C13,loko,"[801, 338, 847, 389]","[803, 340, 845, 387]",6,13,love/happy poses,emotions,high,Clean composite candidate; final animation ordering not yet assigned.,characters/loko/detection_candidates/L075_row06_slot13.png,1,0
L-R07-C01,loko,"[8, 406, 54, 454]","[10, 408, 52, 452]",7,1,confused/angry poses,emotions,high,Clean composite candidate; final animation ordering not yet assigned.,characters/loko/detection_candidates/L076_row07_slot01.png,1,0
L-R07-C02,loko,"[74, 407, 120, 454]","[76, 409, 118, 452]",7,2,confused/angry poses,emotions,high,Clean composite candidate; final animation ordering not yet assigned.,characters/loko/detection_candidates/L077_row07_slot02.png,1,0
L-R07-C03,loko,"[141, 407, 186, 454]","[143, 409, 184, 452]",7,3,confused/angry poses,emotions,high,Clean composite candidate; final animation ordering not yet assigned.,characters/loko/detection_candidates/L078_row07_slot03.png,1,0
L-R07-C04,loko,"[204, 408, 255, 455]","[206, 410, 253, 453]",7,4,confused/angry poses,emotions,high,Clean composite candidate; final animation ordering not yet assigned.,characters/loko/detection_candidates/L079_row07_slot04.png,1,0
L-R07-C05,loko,"[270, 408, 320, 455]","[272, 410, 318, 453]",7,5,confused/angry poses,emotions,high,Clean composite candidate; final animation ordering not yet assigned.,characters/loko/detection_candidates/L080_row07_slot05.png,1,0
L-R07-C06,loko,"[337, 407, 393, 456]","[339, 409, 391, 454]",7,6,confused/angry poses,emotions,high,Clean composite candidate; final animation ordering not yet assigned.,characters/loko/detection_candidates/L081_row07_slot06.png,1,0
L-R07-C07,loko,"[407, 406, 453, 456]","[409, 408, 451, 454]",7,7,confused/angry poses,emotions,high,Clean composite candidate; final animation ordering not yet assigned.,characters/loko/detection_candidates/L082_row07_slot07.png,1,0
L-R07-C08,loko,"[469, 406, 515, 456]","[471, 408, 513, 454]",7,8,confused/angry poses,emotions,high,Clean composite candidate; final animation ordering not yet assigned.,characters/loko/detection_candidates/L083_row07_slot08.png,1,0
L-R07-C09,loko,"[531, 407, 585, 456]","[533, 409, 583, 454]",7,9,confused/angry poses,emotions,medium,Composite includes 1 detached component(s). Manual visual review recommended.,characters/loko/detection_candidates/L084_row07_slot09.png,2,1
L-R07-C10,loko,"[597, 407, 649, 456]","[599, 409, 647, 454]",7,10,confused/angry poses,emotions,medium,Composite includes 1 detached component(s). Manual visual review recommended.,characters/loko/detection_candidates/L085_row07_slot10.png,2,1
L-R07-C11,loko,"[664, 407, 709, 456]","[666, 409, 707, 454]",7,11,confused/angry poses,emotions,high,Clean composite candidate; final animation ordering not yet assigned.,characters/loko/detection_candidates/L086_row07_slot11.png,1,0
L-R07-C12,loko,"[728, 408, 780, 457]","[730, 410, 778, 455]",7,12,confused/angry poses,emotions,medium,Composite includes 1 detached component(s). Manual visual review recommended.,characters/loko/detection_candidates/L087_row07_slot12.png,2,1
L-R07-C13,loko,"[799, 401, 845, 457]","[801, 403, 843, 455]",7,13,confused/angry poses,emotions,high,Clean composite candidate; final animation ordering not yet assigned.,characters/loko/detection_candidates/L088_row07_slot13.png,1,0
L-R08-C01,loko,"[7, 470, 69, 524]","[9, 472, 67, 522]",8,1,surprised/excited poses,emotions,medium,Composite includes 1 detached component(s). Manual visual review recommended.,characters/loko/detection_candidates/L089_row08_slot01.png,2,1
L-R08-C02,loko,"[73, 471, 119, 524]","[75, 473, 117, 522]",8,2,surprised/excited poses,emotions,high,Clean composite candidate; final animation ordering not yet assigned.,characters/loko/detection_candidates/L090_row08_slot02.png,1,0
L-R08-C03,loko,"[122, 473, 185, 524]","[124, 475, 183, 522]",8,3,surprised/excited poses,emotions,medium,Composite includes 1 detached component(s). Manual visual review recommended.,characters/loko/detection_candidates/L091_row08_slot03.png,2,1
L-R08-C04,loko,"[201, 473, 253, 523]","[203, 475, 251, 521]",8,4,surprised/excited poses,emotions,medium,Composite includes 1 detached component(s). Manual visual review recommended.,characters/loko/detection_candidates/L092_row08_slot04.png,2,1
L-R08-C05,loko,"[263, 472, 309, 522]","[265, 474, 307, 520]",8,5,surprised/excited poses,emotions,high,Clean composite candidate; final animation ordering not yet assigned.,characters/loko/detection_candidates/L093_row08_slot05.png,1,0
L-R08-C06,loko,"[326, 472, 384, 523]","[328, 474, 382, 521]",8,6,surprised/excited poses,emotions,medium,Composite includes 1 detached component(s). Manual visual review recommended.,characters/loko/detection_candidates/L094_row08_slot06.png,2,1
L-R08-C07,loko,"[399, 471, 444, 523]","[401, 473, 442, 521]",8,7,surprised/excited poses,emotions,high,Clean composite candidate; final animation ordering not yet assigned.,characters/loko/detection_candidates/L095_row08_slot07.png,1,0
L-R08-C08,loko,"[462, 471, 508, 523]","[464, 473, 506, 521]",8,8,surprised/excited poses,emotions,high,Clean composite candidate; final animation ordering not yet assigned.,characters/loko/detection_candidates/L096_row08_slot08.png,1,0
L-R08-C09,loko,"[525, 471, 570, 523]","[527, 473, 568, 521]",8,9,surprised/excited poses,emotions,high,Clean composite candidate; final animation ordering not yet assigned.,characters/loko/detection_candidates/L097_row08_slot09.png,1,0
L-R08-C10,loko,"[588, 471, 634, 524]","[590, 473, 632, 522]",8,10,surprised/excited poses,emotions,high,Clean composite candidate; final animation ordering not yet assigned.,characters/loko/detection_candidates/L098_row08_slot10.png,1,0
L-R08-C11,loko,"[655, 471, 701, 524]","[657, 473, 699, 522]",8,11,surprised/excited poses,emotions,high,Clean composite candidate; final animation ordering not yet assigned.,characters/loko/detection_candidates/L099_row08_slot11.png,1,0
L-R08-C12,loko,"[721, 472, 768, 523]","[723, 474, 766, 521]",8,12,surprised/excited poses,emotions,high,Clean composite candidate; final animation ordering not yet assigned.,characters/loko/detection_candidates/L100_row08_slot12.png,1,0
L-R08-C13,loko,"[795, 472, 840, 523]","[797, 474, 838, 521]",8,13,surprised/excited poses,emotions,high,Clean composite candidate; final animation ordering not yet assigned.,characters/loko/detection_candidates/L101_row08_slot13.png,1,0
L-R09-C01,loko,"[5, 538, 60, 587]","[7, 540, 58, 585]",9,1,food/drink activity poses,activities,high,Clean composite candidate; final animation ordering not yet assigned.,characters/loko/detection_candidates/L102_row09_slot01.png,1,0
L-R09-C02,loko,"[77, 537, 131, 587]","[79, 539, 129, 585]",9,2,food/drink activity poses,activities,high,Clean composite candidate; final animation ordering not yet assigned.,characters/loko/detection_candidates/L103_row09_slot02.png,1,0
L-R09-C03,loko,"[146, 537, 198, 589]","[148, 539, 196, 587]",9,3,food/drink activity poses,activities,high,Clean composite candidate; final animation ordering not yet assigned.,characters/loko/detection_candidates/L104_row09_slot03.png,1,0
L-R09-C04,loko,"[212, 537, 264, 589]","[214, 539, 262, 587]",9,4,food/drink activity poses,activities,high,Clean composite candidate; final animation ordering not yet assigned.,characters/loko/detection_candidates/L105_row09_slot04.png,1,0
L-R09-C05,loko,"[276, 537, 328, 590]","[278, 539, 326, 588]",9,5,food/drink activity poses,activities,high,Clean composite candidate; final animation ordering not yet assigned.,characters/loko/detection_candidates/L106_row09_slot05.png,1,0
L-R09-C06,loko,"[347, 537, 400, 590]","[349, 539, 398, 588]",9,6,food/drink activity poses,activities,high,Clean composite candidate; final animation ordering not yet assigned.,characters/loko/detection_candidates/L107_row09_slot06.png,1,0
L-R09-C07,loko,"[415, 537, 468, 590]","[417, 539, 466, 588]",9,7,food/drink activity poses,activities,high,Clean composite candidate; final animation ordering not yet assigned.,characters/loko/detection_candidates/L108_row09_slot07.png,1,0
L-R09-C08,loko,"[488, 538, 538, 590]","[490, 540, 536, 588]",9,8,food/drink activity poses,activities,high,Clean composite candidate; final animation ordering not yet assigned.,characters/loko/detection_candidates/L109_row09_slot08.png,1,0
L-R09-C09,loko,"[555, 540, 602, 590]","[557, 542, 600, 588]",9,9,food/drink activity poses,activities,high,Clean composite candidate; final animation ordering not yet assigned.,characters/loko/detection_candidates/L110_row09_slot09.png,1,0
L-R09-C10,loko,"[617, 541, 664, 591]","[619, 543, 662, 589]",9,10,food/drink activity poses,activities,high,Clean composite candidate; final animation ordering not yet assigned.,characters/loko/detection_candidates/L111_row09_slot10.png,1,0
L-R09-C11,loko,"[680, 541, 726, 592]","[682, 543, 724, 590]",9,11,food/drink activity poses,activities,high,Clean composite candidate; final animation ordering not yet assigned.,characters/loko/detection_candidates/L112_row09_slot11.png,1,0
L-R09-C12,loko,"[746, 540, 793, 591]","[748, 542, 791, 589]",9,12,food/drink activity poses,activities,high,Clean composite candidate; final animation ordering not yet assigned.,characters/loko/detection_candidates/L113_row09_slot12.png,1,0
L-R09-C13,loko,"[808, 543, 856, 590]","[810, 545, 854, 588]",9,13,food/drink activity poses,activities,high,Clean composite candidate; final animation ordering not yet assigned.,characters/loko/detection_candidates/L114_row09_slot13.png,1,0
L-R10-C01,loko,"[5, 603, 53, 654]","[7, 605, 51, 652]",10,1,food/drink activity continuation,activities,high,Clean composite candidate; final animation ordering not yet assigned.,characters/loko/detection_candidates/L115_row10_slot01.png,1,0
L-R10-C02,loko,"[65, 604, 113, 654]","[67, 606, 111, 652]",10,2,food/drink activity continuation,activities,high,Clean composite candidate; final animation ordering not yet assigned.,characters/loko/detection_candidates/L116_row10_slot02.png,1,0
L-R10-C03,loko,"[132, 605, 181, 655]","[134, 607, 179, 653]",10,3,food/drink activity continuation,activities,high,Clean composite candidate; final animation ordering not yet assigned.,characters/loko/detection_candidates/L117_row10_slot03.png,1,0
L-R10-C04,loko,"[200, 605, 248, 655]","[202, 607, 246, 653]",10,4,food/drink activity continuation,activities,high,Clean composite candidate; final animation ordering not yet assigned.,characters/loko/detection_candidates/L118_row10_slot04.png,1,0
L-R10-C05,loko,"[268, 604, 315, 655]","[270, 606, 313, 653]",10,5,food/drink activity continuation,activities,high,Clean composite candidate; final animation ordering not yet assigned.,characters/loko/detection_candidates/L119_row10_slot05.png,1,0
L-R10-C06,loko,"[338, 603, 387, 655]","[340, 605, 385, 653]",10,6,food/drink activity continuation,activities,high,Clean composite candidate; final animation ordering not yet assigned.,characters/loko/detection_candidates/L120_row10_slot06.png,1,0
L-R10-C07,loko,"[409, 603, 456, 655]","[411, 605, 454, 653]",10,7,food/drink activity continuation,activities,high,Clean composite candidate; final animation ordering not yet assigned.,characters/loko/detection_candidates/L121_row10_slot07.png,1,0
L-R10-C08,loko,"[477, 603, 526, 656]","[479, 605, 524, 654]",10,8,food/drink activity continuation,activities,high,Clean composite candidate; final animation ordering not yet assigned.,characters/loko/detection_candidates/L122_row10_slot08.png,1,0
L-R10-C09,loko,"[552, 605, 606, 657]","[554, 607, 604, 655]",10,9,food/drink activity continuation,activities,high,Clean composite candidate; final animation ordering not yet assigned.,characters/loko/detection_candidates/L123_row10_slot09.png,1,0
L-R10-C10,loko,"[618, 607, 668, 657]","[620, 609, 666, 655]",10,10,food/drink activity continuation,activities,high,Clean composite candidate; final animation ordering not yet assigned.,characters/loko/detection_candidates/L124_row10_slot10.png,1,0
L-R10-C11,loko,"[681, 607, 731, 658]","[683, 609, 729, 656]",10,11,food/drink activity continuation,activities,high,Clean composite candidate; final animation ordering not yet assigned.,characters/loko/detection_candidates/L125_row10_slot11.png,1,0
L-R10-C12,loko,"[747, 607, 797, 658]","[749, 609, 795, 656]",10,12,food/drink activity continuation,activities,high,Clean composite candidate; final animation ordering not yet assigned.,characters/loko/detection_candidates/L126_row10_slot12.png,1,0
L-R11-C01,loko,"[5, 665, 62, 725]","[7, 667, 60, 723]",11,1,music/dance and object poses,music_activity,medium,Composite includes 1 detached component(s). Manual visual review recommended.,characters/loko/detection_candidates/L127_row11_slot01.png,2,1
L-R11-C02,loko,"[68, 664, 130, 729]","[70, 666, 128, 727]",11,2,music/dance and object poses,music_activity,medium,Composite includes 1 detached component(s). Manual visual review recommended.,characters/loko/detection_candidates/L128_row11_slot02.png,2,1
L-R11-C03,loko,"[132, 662, 192, 730]","[134, 664, 190, 728]",11,3,music/dance and object poses,music_activity,medium,Composite includes 1 detached component(s). Manual visual review recommended.,characters/loko/detection_candidates/L129_row11_slot03.png,2,1
L-R11-C04,loko,"[197, 662, 254, 729]","[199, 664, 252, 727]",11,4,music/dance and object poses,music_activity,medium,Composite includes 1 detached component(s). Manual visual review recommended.,characters/loko/detection_candidates/L130_row11_slot04.png,2,1
L-R11-C05,loko,"[257, 675, 307, 730]","[259, 677, 305, 728]",11,5,music/dance and object poses,music_activity,high,Clean composite candidate; final animation ordering not yet assigned.,characters/loko/detection_candidates/L131_row11_slot05.png,1,0
L-R11-C06,loko,"[312, 662, 378, 731]","[314, 664, 376, 729]",11,6,music/dance and object poses,music_activity,medium,Composite includes 2 detached component(s). Manual visual review recommended.,characters/loko/detection_candidates/L132_row11_slot06.png,3,2
L-R11-C07,loko,"[380, 664, 452, 731]","[382, 666, 450, 729]",11,7,music/dance and object poses,music_activity,medium,Composite includes 2 detached component(s). Manual visual review recommended.,characters/loko/detection_candidates/L133_row11_slot07.png,3,2
L-R11-C08,loko,"[462, 666, 506, 729]","[464, 668, 504, 727]",11,8,music/dance and object poses,music_activity,high,Clean composite candidate; final animation ordering not yet assigned.,characters/loko/detection_candidates/L134_row11_slot08.png,1,0
L-R11-C09,loko,"[513, 664, 564, 729]","[515, 666, 562, 727]",11,9,music/dance and object poses,music_activity,medium,Composite includes 1 detached component(s). Manual visual review recommended.,characters/loko/detection_candidates/L135_row11_slot09.png,2,1
L-R11-C10,loko,"[569, 670, 632, 731]","[571, 672, 630, 729]",11,10,music/dance and object poses,music_activity,medium,Composite includes 1 detached component(s). Manual visual review recommended.,characters/loko/detection_candidates/L136_row11_slot10.png,2,1
L-R11-C11,loko,"[631, 665, 680, 731]","[633, 667, 678, 729]",11,11,music/dance and object poses,music_activity,medium,Composite includes 1 detached component(s). Manual visual review recommended.,characters/loko/detection_candidates/L137_row11_slot11.png,2,1
L-R11-C12,loko,"[687, 670, 736, 732]","[689, 672, 734, 730]",11,12,music/dance and object poses,music_activity,medium,Composite includes 1 detached component(s). Manual visual review recommended.,characters/loko/detection_candidates/L138_row11_slot12.png,2,1
L-R11-C13,loko,"[749, 681, 794, 731]","[751, 683, 792, 729]",11,13,music/dance and object poses,music_activity,high,Clean composite candidate; final animation ordering not yet assigned.,characters/loko/detection_candidates/L139_row11_slot13.png,1,0
L-R11-C14,loko,"[800, 678, 856, 731]","[802, 680, 854, 729]",11,14,music/dance and object poses,music_activity,medium,Composite includes 1 detached component(s). Manual visual review recommended.,characters/loko/detection_candidates/L140_row11_slot14.png,2,1
L-R12-C01,loko,"[5, 743, 58, 794]","[7, 745, 56, 792]",12,1,laptop poses,laptop_activity,high,Clean composite candidate; final animation ordering not yet assigned.,characters/loko/detection_candidates/L141_row12_slot01.png,1,0
L-R12-C02,loko,"[67, 746, 122, 796]","[69, 748, 120, 794]",12,2,laptop poses,laptop_activity,high,Clean composite candidate; final animation ordering not yet assigned.,characters/loko/detection_candidates/L142_row12_slot02.png,1,0
L-R12-C03,loko,"[133, 746, 189, 796]","[135, 748, 187, 794]",12,3,laptop poses,laptop_activity,high,Clean composite candidate; final animation ordering not yet assigned.,characters/loko/detection_candidates/L143_row12_slot03.png,1,0
L-R12-C04,loko,"[199, 747, 255, 796]","[201, 749, 253, 794]",12,4,laptop poses,laptop_activity,high,Clean composite candidate; final animation ordering not yet assigned.,characters/loko/detection_candidates/L144_row12_slot04.png,1,0
L-R12-C05,loko,"[262, 746, 319, 796]","[264, 748, 317, 794]",12,5,laptop poses,laptop_activity,high,Clean composite candidate; final animation ordering not yet assigned.,characters/loko/detection_candidates/L145_row12_slot05.png,1,0
L-R12-C06,loko,"[326, 748, 383, 797]","[328, 750, 381, 795]",12,6,laptop poses,laptop_activity,high,Clean composite candidate; final animation ordering not yet assigned.,characters/loko/detection_candidates/L146_row12_slot06.png,1,0
L-R12-C07,loko,"[391, 747, 436, 796]","[393, 749, 434, 794]",12,7,laptop poses,laptop_activity,high,Clean composite candidate; final animation ordering not yet assigned.,characters/loko/detection_candidates/L147_row12_slot07.png,1,0
L-R12-C08,loko,"[455, 747, 509, 796]","[457, 749, 507, 794]",12,8,laptop poses,laptop_activity,high,Clean composite candidate; final animation ordering not yet assigned.,characters/loko/detection_candidates/L148_row12_slot08.png,1,0
L-R12-C09,loko,"[514, 748, 568, 797]","[516, 750, 566, 795]",12,9,laptop poses,laptop_activity,high,Clean composite candidate; final animation ordering not yet assigned.,characters/loko/detection_candidates/L149_row12_slot09.png,1,0
L-R12-C10,loko,"[572, 749, 628, 797]","[574, 751, 626, 795]",12,10,laptop poses,laptop_activity,high,Clean composite candidate; final animation ordering not yet assigned.,characters/loko/detection_candidates/L150_row12_slot10.png,1,0
L-R12-C11,loko,"[634, 750, 690, 798]","[636, 752, 688, 796]",12,11,laptop poses,laptop_activity,high,Clean composite candidate; final animation ordering not yet assigned.,characters/loko/detection_candidates/L151_row12_slot11.png,1,0
L-R12-C12,loko,"[696, 749, 749, 798]","[698, 751, 747, 796]",12,12,laptop poses,laptop_activity,high,Clean composite candidate; final animation ordering not yet assigned.,characters/loko/detection_candidates/L152_row12_slot12.png,1,0
L-R12-C13,loko,"[753, 749, 806, 797]","[755, 751, 804, 795]",12,13,laptop poses,laptop_activity,high,Clean composite candidate; final animation ordering not yet assigned.,characters/loko/detection_candidates/L153_row12_slot13.png,1,0
L-R12-C14,loko,"[811, 749, 856, 797]","[813, 751, 854, 795]",12,14,laptop poses,laptop_activity,high,Clean composite candidate; final animation ordering not yet assigned.,characters/loko/detection_candidates/L154_row12_slot14.png,1,0
L-R13-C01,loko,"[5, 812, 53, 864]","[7, 814, 51, 862]",13,1,reading/food activity poses,activities,high,Clean composite candidate; final animation ordering not yet assigned.,characters/loko/detection_candidates/L155_row13_slot01.png,1,0
L-R13-C02,loko,"[65, 812, 113, 864]","[67, 814, 111, 862]",13,2,reading/food activity poses,activities,high,Clean composite candidate; final animation ordering not yet assigned.,characters/loko/detection_candidates/L156_row13_slot02.png,1,0
L-R13-C03,loko,"[125, 812, 172, 864]","[127, 814, 170, 862]",13,3,reading/food activity poses,activities,high,Clean composite candidate; final animation ordering not yet assigned.,characters/loko/detection_candidates/L157_row13_slot03.png,1,0
L-R13-C04,loko,"[187, 812, 234, 865]","[189, 814, 232, 863]",13,4,reading/food activity poses,activities,high,Clean composite candidate; final animation ordering not yet assigned.,characters/loko/detection_candidates/L158_row13_slot04.png,1,0
L-R13-C05,loko,"[247, 813, 300, 864]","[249, 815, 298, 862]",13,5,reading/food activity poses,activities,high,Clean composite candidate; final animation ordering not yet assigned.,characters/loko/detection_candidates/L159_row13_slot05.png,1,0
L-R13-C06,loko,"[311, 814, 359, 865]","[313, 816, 357, 863]",13,6,reading/food activity poses,activities,high,Clean composite candidate; final animation ordering not yet assigned.,characters/loko/detection_candidates/L160_row13_slot06.png,1,0
L-R13-C07,loko,"[377, 812, 430, 865]","[379, 814, 428, 863]",13,7,reading/food activity poses,activities,high,Clean composite candidate; final animation ordering not yet assigned.,characters/loko/detection_candidates/L161_row13_slot07.png,1,0
L-R13-C08,loko,"[439, 810, 493, 867]","[441, 812, 491, 865]",13,8,reading/food activity poses,activities,high,Clean composite candidate; final animation ordering not yet assigned.,characters/loko/detection_candidates/L162_row13_slot08.png,1,0
L-R13-C09,loko,"[506, 813, 564, 866]","[508, 815, 562, 864]",13,9,reading/food activity poses,activities,high,Clean composite candidate; final animation ordering not yet assigned.,characters/loko/detection_candidates/L163_row13_slot09.png,1,0
L-R13-C10,loko,"[576, 816, 633, 866]","[578, 818, 631, 864]",13,10,reading/food activity poses,activities,high,Clean composite candidate; final animation ordering not yet assigned.,characters/loko/detection_candidates/L164_row13_slot10.png,1,0
L-R13-C11,loko,"[649, 813, 713, 867]","[651, 815, 711, 865]",13,11,reading/food activity poses,activities,high,Clean composite candidate; final animation ordering not yet assigned.,characters/loko/detection_candidates/L165_row13_slot11.png,1,0
L-R13-C12,loko,"[731, 815, 787, 866]","[733, 817, 785, 864]",13,12,reading/food activity poses,activities,high,Clean composite candidate; final animation ordering not yet assigned.,characters/loko/detection_candidates/L166_row13_slot12.png,1,0
L-R13-C13,loko,"[802, 812, 854, 865]","[804, 814, 852, 863]",13,13,reading/food activity poses,activities,high,Clean composite candidate; final animation ordering not yet assigned.,characters/loko/detection_candidates/L167_row13_slot13.png,1,0
L-R14-C01,loko,"[7, 880, 52, 930]","[9, 882, 50, 928]",14,1,idle/sitting reaction poses,idle_emotions,high,Clean composite candidate; final animation ordering not yet assigned.,characters/loko/detection_candidates/L168_row14_slot01.png,1,0
L-R14-C02,loko,"[65, 880, 109, 930]","[67, 882, 107, 928]",14,2,idle/sitting reaction poses,idle_emotions,high,Clean composite candidate; final animation ordering not yet assigned.,characters/loko/detection_candidates/L169_row14_slot02.png,1,0
L-R14-C03,loko,"[128, 880, 173, 930]","[130, 882, 171, 928]",14,3,idle/sitting reaction poses,idle_emotions,high,Clean composite candidate; final animation ordering not yet assigned.,characters/loko/detection_candidates/L170_row14_slot03.png,1,0
L-R14-C04,loko,"[189, 880, 235, 930]","[191, 882, 233, 928]",14,4,idle/sitting reaction poses,idle_emotions,high,Clean composite candidate; final animation ordering not yet assigned.,characters/loko/detection_candidates/L171_row14_slot04.png,1,0
L-R14-C05,loko,"[251, 883, 296, 930]","[253, 885, 294, 928]",14,5,idle/sitting reaction poses,idle_emotions,high,Clean composite candidate; final animation ordering not yet assigned.,characters/loko/detection_candidates/L172_row14_slot05.png,1,0
L-R14-C06,loko,"[311, 883, 356, 931]","[313, 885, 354, 929]",14,6,idle/sitting reaction poses,idle_emotions,high,Clean composite candidate; final animation ordering not yet assigned.,characters/loko/detection_candidates/L173_row14_slot06.png,1,0
L-R14-C07,loko,"[370, 883, 415, 931]","[372, 885, 413, 929]",14,7,idle/sitting reaction poses,idle_emotions,high,Clean composite candidate; final animation ordering not yet assigned.,characters/loko/detection_candidates/L174_row14_slot07.png,1,0
L-R14-C08,loko,"[428, 884, 474, 930]","[430, 886, 472, 928]",14,8,idle/sitting reaction poses,idle_emotions,high,Clean composite candidate; final animation ordering not yet assigned.,characters/loko/detection_candidates/L175_row14_slot08.png,1,0
L-R14-C09,loko,"[488, 885, 532, 930]","[490, 887, 530, 928]",14,9,idle/sitting reaction poses,idle_emotions,high,Clean composite candidate; final animation ordering not yet assigned.,characters/loko/detection_candidates/L176_row14_slot09.png,1,0
L-R14-C10,loko,"[545, 885, 593, 930]","[547, 887, 591, 928]",14,10,idle/sitting reaction poses,idle_emotions,high,Clean composite candidate; final animation ordering not yet assigned.,characters/loko/detection_candidates/L177_row14_slot10.png,1,0
L-R14-C11,loko,"[610, 885, 658, 931]","[612, 887, 656, 929]",14,11,idle/sitting reaction poses,idle_emotions,high,Clean composite candidate; final animation ordering not yet assigned.,characters/loko/detection_candidates/L178_row14_slot11.png,1,0
L-R14-C12,loko,"[671, 885, 719, 931]","[673, 887, 717, 929]",14,12,idle/sitting reaction poses,idle_emotions,high,Clean composite candidate; final animation ordering not yet assigned.,characters/loko/detection_candidates/L179_row14_slot12.png,1,0
L-R15-C01,loko,"[4, 951, 57, 1001]","[6, 953, 55, 999]",15,1,peeking/furniture interaction poses,peeking,high,Clean composite candidate; final animation ordering not yet assigned.,characters/loko/detection_candidates/L180_row15_slot01.png,1,0
L-R15-C02,loko,"[63, 952, 117, 1001]","[65, 954, 115, 999]",15,2,peeking/furniture interaction poses,peeking,high,Clean composite candidate; final animation ordering not yet assigned.,characters/loko/detection_candidates/L181_row15_slot02.png,1,0
L-R15-C03,loko,"[123, 952, 178, 997]","[125, 954, 176, 995]",15,3,peeking/furniture interaction poses,peeking,high,Clean composite candidate; final animation ordering not yet assigned.,characters/loko/detection_candidates/L182_row15_slot03.png,1,0
L-R15-C04,loko,"[183, 952, 236, 997]","[185, 954, 234, 995]",15,4,peeking/furniture interaction poses,peeking,high,Clean composite candidate; final animation ordering not yet assigned.,characters/loko/detection_candidates/L183_row15_slot04.png,1,0
L-R15-C05,loko,"[241, 952, 294, 997]","[243, 954, 292, 995]",15,5,peeking/furniture interaction poses,peeking,high,Clean composite candidate; final animation ordering not yet assigned.,characters/loko/detection_candidates/L184_row15_slot05.png,1,0
L-R15-C06,loko,"[298, 951, 353, 996]","[300, 953, 351, 994]",15,6,peeking/furniture interaction poses,peeking,high,Clean composite candidate; final animation ordering not yet assigned.,characters/loko/detection_candidates/L185_row15_slot06.png,1,0
L-R15-C07,loko,"[357, 951, 415, 996]","[359, 953, 413, 994]",15,7,peeking/furniture interaction poses,peeking,high,Clean composite candidate; final animation ordering not yet assigned.,characters/loko/detection_candidates/L186_row15_slot07.png,1,0
L-R15-C08,loko,"[421, 951, 468, 996]","[423, 953, 466, 994]",15,8,peeking/furniture interaction poses,peeking,high,Clean composite candidate; final animation ordering not yet assigned.,characters/loko/detection_candidates/L187_row15_slot08.png,1,0
L-R15-C09,loko,"[471, 951, 521, 995]","[473, 953, 519, 993]",15,9,peeking/furniture interaction poses,peeking,high,Clean composite candidate; final animation ordering not yet assigned.,characters/loko/detection_candidates/L188_row15_slot09.png,1,0
L-R15-C10,loko,"[523, 952, 572, 995]","[525, 954, 570, 993]",15,10,peeking/furniture interaction poses,peeking,high,Clean composite candidate; final animation ordering not yet assigned.,characters/loko/detection_candidates/L189_row15_slot10.png,1,0
L-R15-C11,loko,"[575, 951, 628, 1007]","[577, 953, 626, 1005]",15,11,peeking/furniture interaction poses,peeking,high,Clean composite candidate; final animation ordering not yet assigned.,characters/loko/detection_candidates/L190_row15_slot11.png,1,0
L-R15-C12,loko,"[631, 952, 688, 995]","[633, 954, 686, 993]",15,12,peeking/furniture interaction poses,peeking,high,Clean composite candidate; final animation ordering not yet assigned.,characters/loko/detection_candidates/L191_row15_slot12.png,1,0
L-R15-C13,loko,"[691, 951, 750, 994]","[693, 953, 748, 992]",15,13,peeking/furniture interaction poses,peeking,high,Clean composite candidate; final animation ordering not yet assigned.,characters/loko/detection_candidates/L192_row15_slot13.png,1,0
L-R15-C14,loko,"[754, 952, 811, 992]","[756, 954, 809, 990]",15,14,peeking/furniture interaction poses,peeking,high,Clean composite candidate; final animation ordering not yet assigned.,characters/loko/detection_candidates/L193_row15_slot14.png,1,0
L-R16-C01,loko,"[4, 1021, 61, 1063]","[6, 1023, 59, 1061]",16,1,peeking/furniture interaction continuation,peeking,high,Clean composite candidate; final animation ordering not yet assigned.,characters/loko/detection_candidates/L194_row16_slot01.png,1,0
L-R16-C02,loko,"[67, 1021, 121, 1063]","[69, 1023, 119, 1061]",16,2,peeking/furniture interaction continuation,peeking,high,Clean composite candidate; final animation ordering not yet assigned.,characters/loko/detection_candidates/L195_row16_slot02.png,1,0
L-R16-C03,loko,"[127, 1021, 178, 1064]","[129, 1023, 176, 1062]",16,3,peeking/furniture interaction continuation,peeking,high,Clean composite candidate; final animation ordering not yet assigned.,characters/loko/detection_candidates/L196_row16_slot03.png,1,0
L-R16-C04,loko,"[182, 1020, 236, 1064]","[184, 1022, 234, 1062]",16,4,peeking/furniture interaction continuation,peeking,high,Clean composite candidate; final animation ordering not yet assigned.,characters/loko/detection_candidates/L197_row16_slot04.png,1,0
L-R16-C05,loko,"[242, 1018, 294, 1064]","[244, 1020, 292, 1062]",16,5,peeking/furniture interaction continuation,peeking,high,Clean composite candidate; final animation ordering not yet assigned.,characters/loko/detection_candidates/L198_row16_slot05.png,1,0
L-R16-C06,loko,"[301, 1020, 350, 1066]","[303, 1022, 348, 1064]",16,6,peeking/furniture interaction continuation,peeking,high,Clean composite candidate; final animation ordering not yet assigned.,characters/loko/detection_candidates/L199_row16_slot06.png,1,0
L-R16-C07,loko,"[355, 1022, 407, 1065]","[357, 1024, 405, 1063]",16,7,peeking/furniture interaction continuation,peeking,high,Clean composite candidate; final animation ordering not yet assigned.,characters/loko/detection_candidates/L200_row16_slot07.png,1,0
L-R16-C08,loko,"[413, 1023, 465, 1066]","[415, 1025, 463, 1064]",16,8,peeking/furniture interaction continuation,peeking,high,Clean composite candidate; final animation ordering not yet assigned.,characters/loko/detection_candidates/L201_row16_slot08.png,1,0
L-R16-C09,loko,"[470, 1023, 525, 1066]","[472, 1025, 523, 1064]",16,9,peeking/furniture interaction continuation,peeking,high,Clean composite candidate; final animation ordering not yet assigned.,characters/loko/detection_candidates/L202_row16_slot09.png,1,0
L-R16-C10,loko,"[531, 1024, 579, 1070]","[533, 1026, 577, 1068]",16,10,peeking/furniture interaction continuation,peeking,high,Clean composite candidate; final animation ordering not yet assigned.,characters/loko/detection_candidates/L203_row16_slot10.png,1,0
L-R16-C11,loko,"[589, 1024, 635, 1073]","[591, 1026, 633, 1071]",16,11,peeking/furniture interaction continuation,peeking,high,Clean composite candidate; final animation ordering not yet assigned.,characters/loko/detection_candidates/L204_row16_slot11.png,1,0
L-R16-C12,loko,"[648, 1025, 693, 1073]","[650, 1027, 691, 1071]",16,12,peeking/furniture interaction continuation,peeking,high,Clean composite candidate; final animation ordering not yet assigned.,characters/loko/detection_candidates/L205_row16_slot12.png,1,0
L-R17-C01,loko,"[8, 1078, 54, 1128]","[10, 1080, 52, 1126]",17,1,sleep transition poses,sleeping,high,Clean composite candidate; final animation ordering not yet assigned.,characters/loko/detection_candidates/L206_row17_slot01.png,1,0
L-R17-C02,loko,"[72, 1078, 118, 1128]","[74, 1080, 116, 1126]",17,2,sleep transition poses,sleeping,high,Clean composite candidate; final animation ordering not yet assigned.,characters/loko/detection_candidates/L207_row17_slot02.png,1,0
L-R17-C03,loko,"[134, 1085, 181, 1128]","[136, 1087, 179, 1126]",17,3,sleep transition poses,sleeping,high,Clean composite candidate; final animation ordering not yet assigned.,characters/loko/detection_candidates/L208_row17_slot03.png,1,0
L-R17-C04,loko,"[200, 1087, 255, 1128]","[202, 1089, 253, 1126]",17,4,sleep transition poses,sleeping,high,Clean composite candidate; final animation ordering not yet assigned.,characters/loko/detection_candidates/L209_row17_slot04.png,1,0
L-R17-C05,loko,"[269, 1083, 329, 1128]","[271, 1085, 327, 1126]",17,5,sleep transition poses,sleeping,medium,Composite includes 1 detached component(s). Manual visual review recommended.,characters/loko/detection_candidates/L210_row17_slot05.png,2,1
L-R17-C06,loko,"[339, 1080, 396, 1128]","[341, 1082, 394, 1126]",17,6,sleep transition poses,sleeping,medium,Composite includes 1 detached component(s). Manual visual review recommended.,characters/loko/detection_candidates/L211_row17_slot06.png,2,1
L-R17-C07,loko,"[406, 1090, 462, 1128]","[408, 1092, 460, 1126]",17,7,sleep transition poses,sleeping,high,Clean composite candidate; final animation ordering not yet assigned.,characters/loko/detection_candidates/L212_row17_slot07.png,1,0
L-R17-C08,loko,"[475, 1091, 526, 1128]","[477, 1093, 524, 1126]",17,8,sleep transition poses,sleeping,high,Clean composite candidate; final animation ordering not yet assigned.,characters/loko/detection_candidates/L213_row17_slot08.png,1,0
L-R17-C09,loko,"[541, 1093, 590, 1128]","[543, 1095, 588, 1126]",17,9,sleep transition poses,sleeping,medium,Manual visual review recommended.,characters/loko/detection_candidates/L214_row17_slot09.png,1,0
